ID,city_id,crime_type,unodc_code_final,unodc_label_es,unodc_label_en,crime_cat_std,razonamiento,citas_iccs,,,,
num,str,str,str,str,str,str,str,str,,,,
1,cdmx,VIOLENCIA FAMILIAR,020619,Otras formas de negligencia en situaciones de personas bajo cuidado,Other negligence in situations of persons under care,assault,"El maltrato o violencia habitual no letal dentro del hogar se clasifica como negligencia en el contexto de las obligaciones hacia la familia. ICCS: ""Violación de las obligaciones relacionadas con la familia"" (020619).",,,,,
2,cdmx,FRAUDE,0701,Fraude,Fraud,fraud,"Se refiere a la obtención de dinero u otros beneficios, o evasión de responsabilidades por medios engañosos o conducta deshonesta.",,,,,
3,cdmx,AMENAZAS,02012,Amenaza,Threat,assault,"Se define como ""Cualquier tipo de comportamiento amenazador si se cree que la amenaza podría convertirse en realidad"" (02012).",,,,,
4,cdmx,ROBO DE OBJETOS,05029,Otros actos de hurto,Other acts of theft,theft_larceny,"Asumiendo que es hurto (sin violencia, Regla 3), se clasifica como ""Hurto de bienes no descrito ni clasificado en las categorías 05021 a 05026"" (05029).",,,,,
5,cdmx,ROBO A TRANSEUNTE EN VIA PUBLICA CON VIOLENCIA,040111,Robo a personas en lugares públicos,Robbery from the person in a public location,robbery,"Coincide con el ""Robo de bienes personales en un lugar público"" (040111), donde se incluye el ""Robo callejero; asalto; arrebato de bolsos con uso de la fuerza"".",,,,,
6,cdmx,ROBO A NEGOCIO SIN VIOLENCIA,050239,Otras formas de hurto de bienes comerciales,Other theft of business property,theft_larceny,"Al ser S/V y en un negocio (que no es necesariamente una tienda minorista), se clasifica como ""Hurto de bienes comerciales en locales que no sean locales de venta al por menor"" (050239).",,,,,
7,cdmx,ROBO DE ACCESORIOS DE AUTO,050213,Hurto de piezas de vehículos terrestres de motor,Theft of parts of a motorized land vehicle,vehicle_crime,"Hurto (sin violencia) de piezas, como ""Hurto de neumáticos, motores, transmisiones, ventanillas de automóviles, etc."" (050213).",,,,,
8,cdmx,ROBO DE OBJETOS DEL INTERIOR DE UN VEHICULO,050222,Hurto de bienes personales de un vehículo,Theft of personal property from a vehicle,theft_larceny,"Se clasifica como ""Hurto de bienes personales de un vehículo"" (050222), incluyendo ""Hurto de un dispositivo electrónico de un vehículo"".",,,,,
9,cdmx,ROBO DE VEHICULO DE SERVICIO PARTICULAR SIN VIOLENCIA,050211,Hurto de vehículos terrestres de motor,Theft of a motorized land vehicle,vehicle_crime,"Hurto de un vehículo terrestre de motor (automóvil, furgoneta o camión), sin violencia (050211).",,,,,
10,cdmx,ROBO A CASA HABITACION SIN VIOLENCIA,05012,Robo con entrada ilícita en domicilios particulares,Burglary of private residential premises,burglary,"Es una ""Entrada no autorizada en una parte de un edificio o vivienda... con la intención de cometer hurto o en el momento de cometerlo efectivamente"" (0501), en domicilios particulares (05012).",",",,,,
11,cdmx,DENUNCIA DE HECHOS,NULL,NULL,NULL,non_criminal,"Es un término administrativo de registro o reporte de incidentes, no un acto delictivo clasificado en la ICCS.",N/A,,,,
12,cdmx,ABUSO DE CONFIANZA,07032,Malversación o peculado,Embezzlement,fraud,"Si implica la apropiación indebida o desviación de bienes confiados a la persona en virtud de su cargo, se clasifica como Malversación o peculado (07032).",,,,,
13,cdmx,USURPACIÓN DE IDENTIDAD,07019,Otros actos de fraude,Other acts of fraud,fraud,"La ICCS incluye el ""robo de identidad"" (identity theft) y la ""suplantación"" (impersonation) en Otros actos de fraude (07019).",,,,,
14,cdmx,DESPOJO,0509,Otros actos contra la propiedad solamente,Other acts against property only,other,"Se clasifica como Otros actos contra la propiedad solamente (0509), que incluye ""Apropiación ilícita de bienes; ocupación ilegal de un inmueble; adquisición ilícita de viviendas o terrenos"".",,,,,
15,cdmx,ABUSO SEXUAL,03012,Agresión sexual,Sexual assault,sexual_offense,"Se define como un ""Acto sexual no deseado, intento de conseguir un acto sexual, o contacto o comunicación con atención sexual no deseada que no equivalen a violación"" (03012).",,,,,
16,cdmx,DAÑO EN PROPIEDAD AJENA CULPOSA POR TRÁNSITO VEHICULAR A AUTOMOVIL,0504,Daños a la propiedad,Property damage,other,"El daño a la propiedad (0504) incluye el ""atropello con fuga que cause daños a la propiedad"". Se clasifica en other para distinguirlo de los delitos vehiculares que implican robo.",,,,,
17,cdmx,NARCOMENUDEO POSESION SIMPLE,060111,"Posesión, adquisición o uso ilícitos de drogas sujetas a fiscalización para consumo personal","Unlawful possession, purchase or use of controlled drugs for personal consumption",drug_offense,"Corresponde a la Posesión, adquisición o uso ilícitos de drogas sujetas a fiscalización para consumo personal (060111).",,,,,
18,cdmx,LESIONES INTENCIONALES POR GOLPES,02011,Agresión,Assault,assault,"Se define como la ""Aplicación intencional o imprudente de fuerza física sobre el cuerpo de una persona"" (02011), lo que incluye ""golpes"".",",",,,,
19,cdmx,ROBO A NEGOCIO CON VIOLENCIA,040132,Robo a instituciones no financieras,Robbery of a non-financial institution,robbery,"Es el Robo a instituciones no financieras (040132), que incluye el ""robo en locales empresariales; robo en tiendas"".",,,,,
20,cdmx,ROBO A NEGOCIO SIN VIOLENCIA POR FARDEROS (TIENDAS DE AUTOSERVICIO),050231,Hurto en tiendas,Theft from a shop,theft_larceny,"Hurto de bienes comerciales de establecimientos de venta al por menor, conocido como Ratería en tiendas (Shoplifting) (050231).",,,,,
21,cdmx,LESIONES CULPOSAS POR TRANSITO VEHICULAR EN COLISION,02063,Negligencia relacionada con la conducción de un vehículo,Negligence related to driving a vehicle,assault,"Se refiere a las ""Lesiones corporales o posibilidad de infligir lesiones corporales debido a un comportamiento negligente, imprudente o descuidado mientras se tiene el control de un vehículo"" (02063).",,,,,
22,cdmx,DAÑO EN PROPIEDAD AJENA INTENCIONAL,0504,Daños a la propiedad,Property damage,other,"Coincide con la ""Destrucción, daños o degradación intencional de bienes"" (0504), incluyendo el ""vandalismo"".",,,,,
23,cdmx,FALSIFICACION DE TITULOS AL PORTADOR Y DOCUMENTOS DE CREDITO PUBLICO,07023,Actos de falsificación de documentos,Acts of forgery/counterfeiting documents,fraud,"Se clasifica como Actos de falsificación de documentos (07023), que incluye la falsificación de ""documentos de crédito"" o títulos.",,,,,
24,cdmx,ROBO A PASAJERO / CONDUCTOR DE VEHICULO CON VIOLENCIA,040121,Robo de automóviles o vehículos,Robbery of a car or vehicle,robbery,"Es el ""Robo de un vehículo en tránsito a la persona que opera el vehículo o de sus pasajeros"" (040121), lo que incluye el secuestro de vehículos (Carjacking).",,,,,
25,cdmx,ROBO DE VEHICULO DE SERVICIO PARTICULAR CON VIOLENCIA,040121,Robo de automóviles o vehículos,Robbery of a car or vehicle,robbery,Es un robo de vehículo en tránsito con violencia (040121).,,,,,
26,cdmx,TENTATIVA DE EXTORSION,02051,Extorsión o chantaje,Extortion or blackmail,assault,"La extorsión se define como ""Exigir un curso de acción determinado mediante amenaza escrita o verbal"" (02051). La tentativa se codifica bajo el mismo acto delictivo base.",,,,,
27,cdmx,DAÑO EN PROPIEDAD AJENA CULPOSA,05049,Otros daños a bienes,Other damage of property,other,Daño a la propiedad no intencional no clasificado en otras categorías (05049).,,,,,
28,cdmx,ROBO A TRANSEUNTE EN VIA PUBLICA SIN VIOLENCIA,050221,Hurto de bienes personales a una persona,Theft of personal property from a person,theft_larceny,"Hurto de bienes que una persona lleva consigo, sin uso de la fuerza (050221), es decir, Carterismo.",,,,,
29,cdmx,ROBO DE MOTOCICLETA SIN VIOLENCIA,050211,Hurto de vehículos terrestres de motor,Theft of a motorized land vehicle,vehicle_crime,El hurto de motocicleta se incluye en el Hurto de vehículos terrestres de motor (050211).,,,,,
30,cdmx,ROBO A PASAJERO A BORDO DE METRO SIN VIOLENCIA,050221,Hurto de bienes personales a una persona,Theft of personal property from a person,theft_larceny,Hurto de bienes personales a una persona en transporte público (Carterismo) (050221).,,,,,
31,cdmx,"PRODUCCIÓN, IMPRESIÓN, ENAJENACIÓN, DISTRIBUCIÓN, ALTERACIÓN O FALSIFICACIÓN DE TÍTULOS AL PORTADOR, DOCUMENTOS DE CRÉDITO PÚBLICOS O VALES DE CANJE",07023,Actos de falsificación de documentos,Acts of forgery/counterfeiting documents,fraud,"Este delito complejo se centra en la falsificación de documentos financieros o títulos de crédito, que se clasifica como Actos de falsificación de documentos (07023).",,,,,
32,cdmx,ROBO A TRANSEUNTE DE CELULAR CON VIOLENCIA,040111,Robo a personas en lugares públicos,Robbery from the person in a public location,robbery,"Robo con violencia de bienes personales en un lugar público, un ejemplo de Robo callejero (040111).",,,,,
33,cdmx,ROBO DE VEHICULO DE PEDALES,050229,Otras formas de hurto de bienes personales,Other theft of personal property,theft_larceny,El robo de bicicleta (Theft of a bicycle) se clasifica en Otras formas de hurto de bienes personales (050229).,,,,,
34,cdmx,PERDIDA DE LA VIDA POR OTRAS CAUSAS,1109,Otros actos delictivos no clasificados en otra parte,Other criminal acts not elsewhere classified,other,"Código residual para muertes ilícitas cuya causa no está clasificada específicamente (0109), o que se consideran actos delictivos en el derecho nacional, pero no en ICCS (1109).",",",,,,
35,cdmx,DAÑO EN PROPIEDAD AJENA INTENCIONAL A AUTOMOVIL,05042,Daños a bienes personales,Damage of personal property,other,"Se clasifica como Daños a bienes personales (05042), que incluye el ""Daño intencional a un vehículo de motor"".",,,,,
36,cdmx,ROBO A REPARTIDOR CON VIOLENCIA,04011,Robo a personas,Robbery from the person,robbery,"Robo de bienes personales con uso de la fuerza a una persona (el repartidor), clasificado en la categoría superior Robo a personas (04011).",,,,,
37,cdmx,LESIONES INTENCIONALES POR ARMA DE FUEGO,020111,Agresión grave,Serious assault,assault,"Es una ""Agresión con arma"" (Assault with a weapon), lo que se clasifica como Agresión grave (020111).",,,,,
38,cdmx,ROBO A TRANSEUNTE DE CELULAR SIN VIOLENCIA,050221,Hurto de bienes personales a una persona,Theft of personal property from a person,theft_larceny,Hurto de bienes personales a una persona sin violencia (050221).,,,,,
39,cdmx,"NARCOMENUDEO POSESIÓN CON FINES DE VENTA, COMERCIO Y SUMINISTRO",060121,Tráfico ilícito de drogas sujetas a fiscalización no destinadas al consumo personal,Unlawful trafficking of controlled drugs not for personal consumption,drug_offense,"Implica distribución y venta, lo que es Tráfico ilícito de drogas sujetas a fiscalización no destinadas al consumo personal (060121).",,,,,
40,cdmx,LA ADMINISTRACION DE JUSTICIA,08069,Otros actos contra el sistema de justicia,Other acts against the justice system,public_order,"Es un término amplio que se clasifica en el código residual Otros actos contra el sistema de justicia (08069), que incluye ""insulto al tribunal; insulto a funcionarios encargados de hacer cumplir la ley"".",,,,,
41,cdmx,ABUSO DE AUTORIDAD Y USO ILEGAL DE LA FUERZA PUBLICA,07033,Abuso de funciones,Abuse of functions,fraud,"Se define como la ""Realización u omisión de un acto, en violación de la ley, por parte de un funcionario público en el ejercicio de sus funciones, con el fin de obtener un beneficio indebido"" (07033), lo que incluye el Abuso de autoridad.",,,,,
42,cdmx,ROBO DE DINERO,05029,Otros actos de hurto,Other acts of theft,theft_larceny,"Hurto de propiedad no clasificado específicamente, asumiendo sin violencia (05029).",,,,,
43,cdmx,ROBO DE PLACA DE AUTOMOVIL,050213,Hurto de piezas de vehículos terrestres de motor,Theft of parts of a motorized land vehicle,vehicle_crime,"Hurto de piezas de vehículos, como ""Hurto de neumáticos, motores, transmisiones, ventanillas de automóviles, etc."" (050213).",,,,,
44,cdmx,LESIONES INTENCIONALES POR ARMA BLANCA,020111,Agresión grave,Serious assault,assault,"Es una ""Agresión con arma"" (Assault with a weapon), clasificada como Agresión grave (020111).",,,,,
45,cdmx,ENCUBRIMIENTO,07049,Otros actos relacionados con el producto del delito,Other acts involving the proceeds of crime,fraud,"Implica recibir, manipular o procesar bienes obtenidos de un delito, incluyendo la ""ocultación de bienes robados"".",,,,,
46,cdmx,ACOSO SEXUAL,030122,Agresión sexual no física,Non-physical sexual assault,sexual_offense,El Hostigamiento sexual (Sexual harassment) se clasifica como Agresión sexual no física (030122).,,,,,
47,cdmx,ROBO DE DOCUMENTOS,05029,Otros actos de hurto,Other acts of theft,theft_larceny,"Hurto de propiedad no clasificado específicamente, asumiendo sin violencia (05029).",,,,,
48,cdmx,VIOLACION,03011,Violación,Rape,sexual_offense,"Penetración sexual sin consentimiento válido o con consentimiento obtenido por intimidación, fuerza, etc. (03011).",,,,,
49,cdmx,ROBO A NEGOCIO SIN VIOLENCIA POR FARDEROS,050231,Hurto en tiendas,Theft from a shop,theft_larceny,Es Hurto de bienes comerciales de establecimientos de venta al por menor (050231).,,,,,
50,cdmx,LESIONES CULPOSAS POR TRANSITO VEHICULAR,02063,Negligencia relacionada con la conducción de un vehículo,Negligence related to driving a vehicle,assault,"Lesiones corporales o posibilidad de infligir lesiones por ""comportamiento negligente, imprudente o descuidado mientras se tiene el control de un vehículo"" (02063).",,,,,
51,cdmx,COBRANZA ILEGITIMA,0205,Coacción,Coercion,assault,Implica exigir un curso de acción mediante amenaza o intimidación (0205).,,,,,
52,cdmx,CONTRA LA INTIMIDAD SEXUAL,030129,Otros actos de agresión sexual no clasificados en otra parte,Other sexual assault not elsewhere classified,sexual_offense,"Se asume que incluye el Voyerismo (030129), que es un acto lesivo de naturaleza sexual sin contacto físico.",,,,,
53,cdmx,ROBO A PASAJERO A BORDO DE TRANSPORTE PÚBLICO CON VIOLENCIA,040121,Robo de automóviles o vehículos,Robbery of a car or vehicle,robbery,"Robo de un vehículo en tránsito o a sus pasajeros, usando fuerza (040121), incluye el robo en autobuses.",,,,,
54,cdmx,DISCRIMINACION,0210,Discriminación,Discrimination,other,"Es la ""Distinción, exclusión, restricción, trato ilegal o preferencia basada en la raza, color, edad, género, etc."" (0210). Se clasifica en other para distinguirlo de las agresiones físicas.",,,,,
55,cdmx,FALSIFICACION O ALTERACION Y USO INDEBIDO DE DOCUMENTOS,07023,Actos de falsificación de documentos,Acts of forgery/counterfeiting documents,fraud,"Creación, fabricación, alteración y uso de documentos falsificados (07023).",,,,,
56,cdmx,ROBO A TRANSEUNTE EN PARQUES Y MERCADOS CON VIOLENCIA,040111,Robo a personas en lugares públicos,Robbery from the person in a public location,robbery,Robo con violencia de bienes personales en un lugar público (040111).,,,,,
57,cdmx,VIOLACION EQUIPARADA,030113,Violación por presunción legal,Statutory rape,sexual_offense,"Penetración sexual con una persona ""incapaz de dar su consentimiento por una razón jurídica"" (030113).",,,,,
58,cdmx,LESIONES CULPOSAS,02069,Otros actos de negligencia,Other acts of negligence,assault,Lesiones corporales o potencial de daño por comportamiento negligente no clasificado en categorías específicas (02069).,,,,,
59,cdmx,HOMICIDIO POR ARMA DE FUEGO,0101,Homicidio intencional,Intentional homicide,homicide,Muerte ilícita con intención de causar muerte o lesión grave (0101).,,,,,
60,cdmx,ROBO DE MOTOCICLETA CON VIOLENCIA,040121,Robo de automóviles o vehículos,Robbery of a car or vehicle,robbery,Robo de vehículo en tránsito con violencia (040121).,,,,,
61,cdmx,NEGACION DEL SERVICIO PUBLICO,07033,Abuso de funciones,Abuse of functions,fraud,"Si la negación se realiza en violación de la ley por un funcionario con el fin de obtener un beneficio indebido, se clasifica como Abuso de funciones (07033).",,,,,
62,cdmx,"ROBO S/V DENTRO DE NEGOCIOS, AUTOSERVICIOS, CONVENIENCIA",050231,Hurto en tiendas,Theft from a shop,theft_larceny,Hurto S/V en tiendas minoristas (050231).,,,,,
63,cdmx,LESIONES INTENCIONALES,02011,Agresión,Assault,assault,Aplicación intencional o imprudente de fuerza física sobre el cuerpo de una persona (02011).,,,,,
64,cdmx,PRIVACION DE LA LIBERTAD PERSONAL,02022,Privación de libertad,Deprivation of liberty,assault,"Detención ilícita de una o varias personas en contra de su voluntad (02022), sin el elemento de provecho ilícito necesario para ser clasificado como secuestro extorsivo (020221).",,,,,
65,cdmx,DAÑO EN PROPIEDAD AJENA INTENCIONAL A BIENES INMUEBLES,0504,Daños a la propiedad,Property damage,other,"Destrucción, daños o degradación intencional de bienes (0504).",,,,,
66,cdmx,DAÑO EN PROPIEDAD AJENA INTENCIONAL A CASA HABITACION,05042,Daños a bienes personales,Damage of personal property,other,"Destrucción, daños o degradación intencional de una vivienda privada (05042).",,,,,
67,cdmx,ROBO A PASAJERO A BORDO DE PESERO COLECTIVO CON VIOLENCIA,040121,Robo de automóviles o vehículos,Robbery of a car or vehicle,robbery,Robo de vehículo en tránsito con violencia (040121).,,,,,
68,cdmx,"ALLANAMIENTO DE MORADA, DESPACHO, OFICINA O ESTABLECIMIENTO MERCANTIL",0501,Robo con entrada ilícita,Burglary,burglary,Entrada no autorizada con la intención de cometer hurto (0501).,,,,,
69,cdmx,CONTRA EL CUMPLIMIENTO DE LA OBLIGACION ALIMENTARIA,020619,Otras formas de negligencia en situaciones de personas bajo cuidado,Other negligence in situations of persons under care,assault,"Es una ""Violación de las obligaciones relacionadas con la familia"" (020619).",,,,,
70,cdmx,TORTURA,11011,Tortura,Torture,other,La Tortura (11011) es un acto bajo jurisdicción universal.,,,,,
71,cdmx,OMISION DE AUXILIO O DE CUIDADO,020619,Otras formas de negligencia en situaciones de personas bajo cuidado,Other negligence in situations of persons under care,assault,"Clasificado como negligencia, puede incluir ""Omisión del deber de socorrer a un herido"" (02069) o negligencia en el cuidado de personas (020619). Se prioriza el código más específico de negligencia en el cuidado (020619).",",",,,,
72,cdmx,EXTORSION,02051,Extorsión o chantaje,Extortion or blackmail,assault,"Es la acción de ""Exigir un curso de acción determinado mediante amenaza escrita o verbal"" (02051).",,,,,
73,cdmx,ROBO A PASAJERO A BORDO DE METROBUS SIN VIOLENCIA,050221,Hurto de bienes personales a una persona,Theft of personal property from a person,theft_larceny,Hurto sin violencia en transporte público (Carterismo) (050221).,,,,,
74,cdmx,PERDIDA DE LA VIDA POR SUICIDIO,0104,Suicidio asistido o incitación al suicidio,Assisting or instigating suicide,other,"Si es un acto delictivo (ej., incitación al suicidio), se codifica como Suicidio asistido o incitación al suicidio (0104). Si no es ilícito, se usa la categoría temática other.",,,,,
75,cdmx,ROBO DE VEHICULO DE SERVICIO PÚBLICO CON VIOLENCIA,040121,Robo de automóviles o vehículos,Robbery of a car or vehicle,robbery,Robo de vehículo en tránsito con violencia (040121).,,,,,
76,cdmx,ABUSO DE AUTORIDAD,07033,Abuso de funciones,Abuse of functions,fraud,El Abuso de autoridad se incluye en Abuso de funciones (07033).,,,,,
77,cdmx,ROBO A PASAJERO A BORDO DE TRANSPORTE PÚBLICO SIN VIOLENCIA,050221,Hurto de bienes personales a una persona,Theft of personal property from a person,theft_larceny,Hurto sin violencia en transporte público (Carterismo) (050221).,,,,,
78,cdmx,QUEBRANTAMIENTO DE SELLOS,08062,Incumplimiento de órdenes judiciales,Breach of justice order,public_order,"Actos encaminados a obstruir o subvertir la ejecución eficaz de órdenes judiciales, lo que incluye el Incumplimiento de órdenes judiciales (08062).",,,,,
79,cdmx,ROBO DE VEHICULO DE SERVICIO PÚBLICO SIN VIOLENCIA,050211,Hurto de vehículos terrestres de motor,Theft of a motorized land vehicle,vehicle_crime,Hurto de un vehículo terrestre de motor (050211).,,,,,
80,cdmx,PERDIDA DE LA VIDA POR ENFERMEDAD,NULL,NULL,NULL,non_criminal,"Es una causa de muerte natural o enfermedad, no un acto delictivo clasificado en la ICCS.",N/A,,,,
81,cdmx,ROBO A CASA HABITACION CON VIOLENCIA,040112,Robo a personas en lugares privados,Robbery from the person in a private location,robbery,"Uso de la fuerza o amenazas durante el robo con violación de domicilio, lo que se clasifica como Robo a personas en lugares privados (040112).",,,,,
82,cdmx,SUSTRACCIÓN DE MENORES,02021,Secuestro de menores,Abduction of a minor,assault,Sustracción de un menor de su tutor legal o progenitor (02021).,,,,,
83,cdmx,ROBO A REPARTIDOR SIN VIOLENCIA,050229,Otras formas de hurto de bienes personales,Other theft of personal property,theft_larceny,Hurto de bienes personales no clasificado específicamente (050229).,,,,,
84,cdmx,ROBO A TRANSEUNTE EN NEGOCIO CON VIOLENCIA,040111,Robo a personas en lugares públicos,Robbery from the person in a public location,robbery,Robo con violencia de bienes personales a una persona en un lugar abierto al público (040111).,,,,,
85,cdmx,DELITOS AMBIENTALES,10099,Otros actos contra el entorno natural,Other acts against the natural environment,other,Es un término residual para actos contra el entorno natural no clasificados en las subcategorías (10099).,,,,,
86,cdmx,FALSIFICACION DE DOCUMENTOS,07023,Actos de falsificación de documentos,Acts of forgery/counterfeiting documents,fraud,"""Creación, fabricación, venta, traslado o posesión de un documento falsificado o alterado"" (07023).",,,,,
87,cdmx,LESIONES CULPOSAS POR CAIDA,02069,Otros actos de negligencia,Other acts of negligence,assault,Lesiones corporales por comportamiento negligente no clasificado en categorías específicas (02069).,,,,,
88,cdmx,FALSEDAD ANTE AUTORIDADES,08061,Obstrucción de la justicia,Obstruction of justice,public_order,"Se clasifica como Obstrucción de la justicia (08061), que incluye ""facilitar información falsa"" o ""rendir testimonio falso/perjurio"".",,,,,
89,cdmx,ROBO DE OBJETOS A ESCUELA,05013,Robo con entrada ilícita en locales públicos,Burglary of public premises,burglary,"Robo con entrada ilícita en locales públicos (05013), asumiendo que el robo ocurrió con fuerza en las cosas o entrada no autorizada.",,,,,
90,cdmx,SUSTRACCION DE MENORES,02021,Secuestro de menores,Abduction of a minor,assault,Sustracción de un menor de su tutor legal o progenitor (02021).,,,,,
91,cdmx,USO DE DOCUMENTO FALSO,07023,Actos de falsificación de documentos,Acts of forgery/counterfeiting documents,fraud,"El uso de un documento falsificado se incluye dentro de los Actos de falsificación de documentos (07023) o, si es para obtener un beneficio, en fraude (07019),. Usamos el código de falsificación directa (07023).",,,,,
92,cdmx,ATAQUE A LAS VIAS GENERALES DE COMUNICACIÓN,0504,Daños a la propiedad,Property damage,other,"Destrucción o daño intencional a la propiedad (0504), en este caso, infraestructura de transporte.",,,,,
93,cdmx,MALTRATO ANIMAL,10091,Actos contra los animales,Acts against animals,other,"Tratamiento o cría ilegal de animales, incluyendo ""crueldad con las mascotas; maltrato de animales"" (10091).",,,,,
94,cdmx,"ROBO EN EVENTOS MASIVOS (DEPORTIVOS, CULTURALES, RELIGIOSOS Y ARTISTICOS) S/V",050221,Hurto de bienes personales a una persona,Theft of personal property from a person,theft_larceny,Hurto S/V en lugares públicos (Carterismo) (050221).,,,,,
95,cdmx,COHECHO,07031,Soborno,Bribery,fraud,"Promesa, ofrecimiento, concesión, solicitud o aceptación de un beneficio indebido a un funcionario público (07031).",,,,,
96,cdmx,DELITOS ELECTORALES,08079,Otros actos relacionados con las elecciones democráticas,Other acts related to democratic elections,public_order,"Incluye el ""Fraude electoral; manipulación ilícita del proceso democrático"" (08079).",,,,,
97,cdmx,HOMICIDIO CULPOSO POR TRÁNSITO VEHICULAR (COLISION),010321,Homicidio por tránsito vehicular,Vehicular homicide,homicide,"Muerte no intencional por ""comportamiento negligente, temerario o descuidado durante la utilización de un vehículo"" (010321).",,,,,
98,cdmx,HOMICIDIO CULPOSO POR TRÁNSITO VEHICULAR (ATROPELLADO),010321,Homicidio por tránsito vehicular,Vehicular homicide,homicide,Muerte no intencional por comportamiento negligente al operar un vehículo (010321).,,,,,
99,cdmx,DAÑO EN PROPIEDAD AJENA CULPOSA POR TRÁNSITO VEHICULAR A BIENES INMUEBLES,0504,Daños a la propiedad,Property damage,other,Daño a la propiedad intencional o involuntario (0504).,,,,,
100,cdmx,TENTATIVA DE ROBO,08063,Intención delictiva,Criminal intent,public_order,"Se clasifica en Intención delictiva (08063), que abarca el ""Comportamiento que indica la intención de una persona de cometer un delito"".",,,,,
101,cdmx,ROBO A TRANSEUNTE SALIENDO DEL BANCO CON VIOLENCIA,040131,Robo a instituciones financieras,Robbery of a financial institution,robbery,"Robo a instituciones financieras (040131), que incluye el robo de un cliente inmediatamente después de usar un cajero automático.",,,,,
102,cdmx,RETENCIÓN DE MENORES,02021,Secuestro de menores,Abduction of a minor,assault,Sustracción o retención ilegal de un menor (02021).,,,,,
103,cdmx,ABANDONO DE PERSONA,020611,Negligencia en situaciones de menores bajo cuidado,Negligence in situations of children under care,assault,"Incluye la ""Desatención de un menor bajo cuidado; desatención de niños; abandono de niños"" (020611).",,,,,
104,cdmx,ROBO A TRANSEUNTE A BORDO DE TAXI PUBLICO Y PRIVADO SIN VIOLENCIA,050221,Hurto de bienes personales a una persona,Theft of personal property from a person,theft_larceny,Hurto de bienes personales a una persona en transporte (Carterismo) (050221).,,,,,
105,cdmx,ALLANAMIENTO DE MORADA,05012,Robo con entrada ilícita en domicilios particulares,Burglary of private residential premises,burglary,Entrada no autorizada en domicilios particulares con intención de cometer hurto (05012).,,,,,
106,cdmx,INSOLVENCIA ALIMENTARIA,020619,Otras formas de negligencia en situaciones de personas bajo cuidado,Other negligence in situations of persons under care,assault,Violación de las obligaciones relacionadas con la familia (020619).,,,,,
107,cdmx,EJERCICIO ILEGAL Y ABANDONO DEL SERVICIO PUBLICO,07033,Abuso de funciones,Abuse of functions,fraud,"Abuso de funciones (07033), que abarca la ""Realización u omisión de un acto, en violación de la ley, por parte de un funcionario público"".",,,,,
108,cdmx,PERDIDA DE LA VIDA POR CAIDA,NULL,NULL,NULL,non_criminal,"Muerte por accidente no ilícito, considerada non_criminal.",N/A,,,,
109,cdmx,ROBO A NEGOCIO SIN VIOLENCIA POR FARDEROS (TIENDAS DE CONVENIENCIA),050231,Hurto en tiendas,Theft from a shop,theft_larceny,Ratería en tiendas (050231).,,,,,
110,cdmx,CORRUPCIÓN DE PERSONAS MENORES DE EDAD O PERSONAS QUE NO TENGAN CAPACIDAD PARA COMPRENDER EL SIGNIFICADO DEL HECHO O DE PERSONAS QUE NO TENGAN CAPACIDAD DE RESISTIR LA CONDUCTA,03022,Explotación sexual de menores,Sexual exploitation of children,sexual_offense,"Se refiere a la explotación sexual de un menor o incapaz, lo que incluye los Actos impúdicos con un menor (030229).",,,,,
111,cdmx,RESPONSABILIDAD PROFESIONAL Y TECNICA,02062,Negligencia profesional,Professional negligence,assault,"Lesiones o riesgo de daño causadas por el incumplimiento de las obligaciones profesionales, clasificadas como Negligencia profesional (02062).",,,,,
112,cdmx,PERDIDA DE LA VIDA POR PARO CARDIACO,NULL,NULL,NULL,non_criminal,"Muerte por causas naturales, considerada non_criminal.",N/A,,,,
113,cdmx,PERSONAS EXTRAVIADAS Y AUSENTES,NULL,NULL,NULL,non_criminal,"Es un registro administrativo de personas desaparecidas o ausentes, no un acto delictivo clasificado en la ICCS.",N/A,,,,
114,cdmx,ROBO A TRANSEUNTE CONDUCTOR DE TAXI PUBLICO Y PRIVADO CON VIOLENCIA,040121,Robo de automóviles o vehículos,Robbery of a car or vehicle,robbery,"Robo con violencia de vehículo en tránsito, que incluye el Robo en taxis (040121).",,,,,
115,cdmx,DDH OTRAS MATERIAS,NULL,NULL,NULL,non_criminal,Denuncia de Hechos (DDH) es un registro administrativo.,N/A,,,,
116,cdmx,PORTACION DE ARMA DE FUEGO,090111,Posesión o uso ilícitos de armas de fuego,Unlawful possession or use of firearms,public_order,Posesión o porte ilegal de armas de fuego (090111).,,,,,
117,cdmx,DDH FRVT,NULL,NULL,NULL,non_criminal,Denuncia de Hechos (DDH) es un registro administrativo.,N/A,,,,
118,cdmx,ROBO A NEGOCIO CON VIOLENCIA POR FARDEROS (TIENDAS DE CONVENIENCIA),040132,Robo a instituciones no financieras,Robbery of a non-financial institution,robbery,Robo con violencia a un negocio (040132).,,,,,
119,cdmx,DDH RELACIONADAS,NULL,NULL,NULL,non_criminal,Denuncia de Hechos (DDH) es un registro administrativo.,N/A,,,,
120,cdmx,FALSEDAD DE DECLARACIONES,08061,Obstrucción de la justicia,Obstruction of justice,public_order,"Se clasifica como Obstrucción de la justicia (08061), que incluye ""rendir testimonio falso/perjurio"".",,,,,
121,cdmx,DESOBEDIENCIA Y RESISTENCIA DE PARTICULARES,08062,Incumplimiento de órdenes judiciales,Breach of justice order,public_order,Incluye la Resistencia a la detención (Resisting arrest) (08062).,,,,,
122,cdmx,ROBO A PASAJERO A BORDO DE PESERO COLECTIVO SIN VIOLENCIA,050221,Hurto de bienes personales a una persona,Theft of personal property from a person,theft_larceny,Hurto de bienes personales a una persona en transporte público (Carterismo) (050221).,,,,,
123,cdmx,ROBO A TRANSEUNTE A BORDO DE TAXI PÚBLICO Y PRIVADO CON VIOLENCIA,040121,Robo de automóviles o vehículos,Robbery of a car or vehicle,robbery,"Robo de vehículo en tránsito con violencia, que incluye el Robo en taxis (040121).",,,,,
124,cdmx,HOMICIDIO POR ARMA BLANCA,0101,Homicidio intencional,Intentional homicide,homicide,Homicidio intencional (0101).,,,,,
125,cdmx,ENCUBRIMIENTO POR FAVORECIMIENTO Y RECEPTACIÓN,07049,Otros actos relacionados con el producto del delito,Other acts involving the proceeds of crime,fraud,"Se clasifica como Otros actos relacionados con el producto del delito (07049), que incluye la ""posesión de dinero o bienes robados"" y la ""ocultación de bienes robados"".",,,,,
126,cdmx,CONTRA FUNCIONARIOS PUBLICOS,08061,Obstrucción de la justicia,Obstruction of justice,public_order,"Si implica amenazar, intimidar o insultar a un funcionario, se clasifica como Otros actos contra el sistema de justicia (08069) o Obstrucción de la justicia (08061), priorizando este último por ser más grave.",",",,,,
127,cdmx,ROBO A OFICINA PÚBLICA SIN VIOLENCIA,05013,Robo con entrada ilícita en locales públicos,Burglary of public premises,burglary,Robo con entrada ilícita en locales públicos (05013).,,,,,
128,cdmx,USO INDEBIDO DE ATRIBUCIONES Y FACULTADES,07033,Abuso de funciones,Abuse of functions,fraud,Abuso de funciones (07033).,,,,,
129,cdmx,RETENCIÓN O SUSTRACCIÓN DE MENORES INCAPACES,02021,Secuestro de menores,Abduction of a minor,assault,Sustracción de menores (02021).,,,,,
130,cdmx,ABORTO,0106,Feticidio ilegal,Illegal feticide,homicide,"Muerte ilícita de un feto facilitada o causada intencionalmente, clasificada como Feticidio ilegal (0106).",,,,,
131,cdmx,ROBO A PASAJERO EN TROLEBUS SIN VIOLENCIA,050221,Hurto de bienes personales a una persona,Theft of personal property from a person,theft_larceny,Hurto sin violencia en transporte público (Carterismo) (050221).,,,,,
132,cdmx,ROBO A PASAJERO A BORDO DE METRO CON VIOLENCIA,040121,Robo de automóviles o vehículos,Robbery of a car or vehicle,robbery,Robo de vehículo en tránsito con violencia (040121).,,,,,
133,cdmx,DAÑO EN PROPIEDAD AJENA INTENCIONAL A NEGOCIO,05043,Daños a bienes comerciales,Damage of business property,other,"Destrucción, daños o degradación intencional de bienes comerciales (05043).",,,,,
134,cdmx,"DELITOS DE ABOGADOS, PATRONOS, LITIGANTES Y ASESORES JURIDICOS",08069,Otros actos contra el sistema de justicia,Other acts against the justice system,public_order,Actos residuales que subvierten el sistema de justicia (08069).,,,,,
135,cdmx,ROBO DE ARMA,05029,Otros actos de hurto,Other acts of theft,theft_larceny,Hurto de propiedad no clasificado específicamente (05029).,,,,,
136,cdmx,EJERCICIO INDEBIDO DEL SERVIDOR PUBLICO,07033,Abuso de funciones,Abuse of functions,fraud,Abuso de funciones (07033).,,,,,
137,cdmx,LESIONES CULPOSAS POR CAIDA DE VEHÍCULO EN MOVIMIENTO,02063,Negligencia relacionada con la conducción de un vehículo,Negligence related to driving a vehicle,assault,Lesiones corporales o potencial de daño por negligencia al controlar un vehículo (02063).,,,,,
138,cdmx,TENTATIVA DE HOMICIDIO,0102,Tentativa de homicidio intencional,Attempted intentional homicide,homicide,Intento de causar la muerte ilícitamente a una persona con la intención de matarla u ocasionarle lesiones graves (0102).,,,,,
139,cdmx,ROBO DE ANIMALES,05025,Hurto de ganado,Theft of livestock,theft_larceny,"Asumiendo robo sin violencia (hurto), se clasifica como Hurto de ganado (05025).",,,,,
140,cdmx,REVELACION DE SECRETOS,02111,Invasión de la intimidad,Invasion of privacy,other,Se clasifica como Invasión de la intimidad (02111).,,,,,
141,cdmx,HOMICIDIO POR GOLPES,0101,Homicidio intencional,Intentional homicide,homicide,Agresión grave que causa la muerte se incluye en Homicidio intencional (0101).,,,,,
142,cdmx,SECUESTRO EXPRESS (PARA COMETER ROBO O EXTORSIÓN),020221,Secuestro,Kidnapping,assault,"Detención ilícita con la finalidad de exigir provecho ilícito (020221), que incluye explícitamente el secuestro exprés.",,,,,
143,cdmx,POSESION DE VEHICULO ROBADO,07049,Otros actos relacionados con el producto del delito,Other acts involving the proceeds of crime,fraud,"Recepción, manipulación o procesamiento de bienes derivados de un delito, incluyendo la ""utilización de piezas robadas para producir otros bienes (reutilización de piezas de autos robados), ocultamiento de bienes robados"" (07049).",,,,,
144,cdmx,DISPAROS DE ARMA DE FUEGO,090111,Posesión o uso ilícitos de armas de fuego,Unlawful possession or use of firearms,public_order,Incluye los disparos ilegales de armas (090111).,,,,,
145,cdmx,DAÑO EN PROPIEDAD AJENA INTENCIONAL A VIAS DE COMUNICACION,0504,Daños a la propiedad,Property damage,other,Daño a la propiedad intencional (0504).,,,,,
146,cdmx,ROBO A REPARTIDOR Y VEHICULO CON VIOLENCIA,040121,Robo de automóviles o vehículos,Robbery of a car or vehicle,robbery,Robo de vehículo en tránsito con violencia (040121).,,,,,
147,cdmx,LESIONES CULPOSAS POR QUEMADURAS,02069,Otros actos de negligencia,Other acts of negligence,assault,Lesiones corporales por comportamiento negligente no clasificado en categorías específicas (02069).,,,,,
148,cdmx,DDH SIN DATOS,NULL,NULL,NULL,non_criminal,Denuncia de Hechos (DDH) es un registro administrativo.,N/A,,,,
149,cdmx,DDH ANONIMAS,NULL,NULL,NULL,non_criminal,Denuncia de Hechos (DDH) es un registro administrativo.,N/A,,,,
150,cdmx,HOMICIDIOS INTENCIONALES (OTROS),0101,Homicidio intencional,Intentional homicide,homicide,Código residual de la categoría Homicidio intencional (0101).,,,,,
151,cdmx,TRATA DE PERSONAS,0204,Trata de personas,Trafficking in persons (TIP),assault,"Captación, transporte, traslado, acogida o recepción de personas, recurriendo a la amenaza o el uso de la fuerza... con fines de explotación (0204).",,,,,
152,cdmx,DESOBEDIENCIA DE PARTICULARES,08062,Incumplimiento de órdenes judiciales,Breach of justice order,public_order,Incluye la Resistencia a la detención o desobediencia (08062).,,,,,
153,cdmx,RESISTENCIA DE PARTICULARES (SE OPONGA O RESISTA),08062,Incumplimiento de órdenes judiciales,Breach of justice order,public_order,Resistencia a la detención (08062).,,,,,
154,cdmx,PORTACION ARMA/PROHIB.,09011,Posesión o uso de armas y explosivos,Possession or use of weapons and explosives,public_order,Posesión o uso ilícitos de armas de fuego fiscalizadas o prohibidas (09011).,,,,,
155,cdmx,TALA,10041,Tala ilegal,Illegal logging,other,"Extracción, corte, cosecha, transporte, compra o venta ilícitos de madera (10041).",,,,,
156,cdmx,ROBO A PASAJERO / CONDUCTOR DE TAXI CON VIOLENCIA,040121,Robo de automóviles o vehículos,Robbery of a car or vehicle,robbery,Robo de vehículo en tránsito con violencia (040121).,,,,,
157,cdmx,ROBO A TRANSPORTISTA Y VEHICULO PESADO CON VIOLENCIA,040129,Otras formas de robo de objetos de valor o bienes en tránsito,Other robbery of valuables or goods in transit,robbery,Robo de bienes en tránsito no descrito ni clasificado (040129).,,,,,
158,cdmx,ROBO A TRANSEUNTE EN RESTAURANT CON VIOLENCIA,040111,Robo a personas en lugares públicos,Robbery from the person in a public location,robbery,Robo con violencia a personas en un lugar abierto al público (040111).,,,,,
159,cdmx,ROBO A TRANSEUNTE SALIENDO DEL CAJERO CON VIOLENCIA,040131,Robo a instituciones financieras,Robbery of a financial institution,robbery,"Robo a instituciones financieras (040131), incluyendo el robo de cajeros automáticos.",,,,,
160,cdmx,USURPACION DE PROFESION,07019,Otros actos de fraude,Other acts of fraud,fraud,Representación engañosa de la identidad o la situación profesional (07019).,,,,,
161,cdmx,RESPONSABILIDAD PROFESIONAL,02062,Negligencia profesional,Professional negligence,assault,"Lesiones o riesgo de daño causadas por el incumplimiento de las obligaciones profesionales, clasificadas como Negligencia profesional (02062).",,,,,
162,cdmx,"PORTACIÓN, FABRICACIÓN E IMPORTACIÓN DE OBJETOS APTOS PARA AGREDIR",090112,Posesión o uso ilícitos de otras armas o explosivos,Unlawful possession or use of other weapons or explosives,public_order,Posesión o uso ilícitos de otras armas o explosivos (090112).,,,,,
163,cdmx,ROBO DE FLUIDOS,05026,Hurto de servicios,Theft of services,theft_larceny,"Hurto de energía eléctrica, agua u otros servicios públicos (05026).",,,,,
164,cdmx,ATAQUE A LAS VIAS DE COMUNICACION (DAÑO A VIAS O MEDIOS DE TRANSPORTE),0504,Daños a la propiedad,Property damage,other,Daño a la propiedad intencional (0504).,,,,,
165,cdmx,PORNOGRAFÍA,08022,Delitos de pornografía,Pornography offences,sexual_offense,"Producción, creación, distribución, diseminación, transmisión, venta o posesión de pornografía ilícita (08022).",,,,,
166,cdmx,ROBO A PASAJERO EN TREN LIGERO SIN VIOLENCIA,050221,Hurto de bienes personales a una persona,Theft of personal property from a person,theft_larceny,Hurto sin violencia en transporte público (Carterismo) (050221).,,,,,
167,cdmx,PERDIDA DE LA VIDA POR QUEMADURA,NULL,NULL,NULL,non_criminal,"Muerte por accidente no ilícito, considerada non_criminal.",N/A,,,,
168,cdmx,ROBO A PASAJERO A BORDO DE TAXI CON VIOLENCIA,040121,Robo de automóviles o vehículos,Robbery of a car or vehicle,robbery,"Robo de vehículo en tránsito con violencia, incluyendo el robo en taxis (040121).",,,,,
169,cdmx,ENCUBRIMIENTO POR FAVORECIMIENTO,07049,Otros actos relacionados con el producto del delito,Other acts involving the proceeds of crime,fraud,Se clasifica como Otros actos relacionados con el producto del delito (07049).,,,,,
170,cdmx,ROBO DE ALHAJAS,05029,Otros actos de hurto,Other acts of theft,theft_larceny,Hurto de propiedad no clasificado específicamente (05029).,,,,,
171,cdmx,TENTATIVA DE SUICIDIO,NULL,NULL,NULL,non_criminal,La tentativa de suicidio generalmente se considera un acto non_criminal a menos que implique asistencia o instigación por parte de un tercero (0104).,N/A,,,,
172,cdmx,TENTATIVA DE ROBO DE VEHICULO,08063,Intención delictiva,Criminal intent,public_order,Intención delictiva (08063).,,,,,
173,cdmx,CORRUPCION DE MENORES,03022,Explotación sexual de menores,Sexual exploitation of children,sexual_offense,Se refiere a la Explotación sexual de un menor (03022).,,,,,
174,cdmx,"ROBO A LOCALES SEMIFIJOS (PUESTOS DE ALIMENTOS,BEBIDAS, ENSERES, PERIODICOS,LOTERIA, OTROS)",050239,Otras formas de hurto de bienes comerciales,Other theft of business property,theft_larceny,Hurto de bienes comerciales en locales que no sean locales de venta al por menor (050239).,,,,,
175,cdmx,HOMICIDIO CULPOSO POR TRÁNSITO VEHICULAR (CAIDA),010321,Homicidio por tránsito vehicular,Vehicular homicide,homicide,Muerte no intencional por acto negligente al operar un vehículo (010321).,,,,,
176,cdmx,LESIONES CULPOSAS ACCIDENTE LABORAL,02062,Negligencia profesional,Professional negligence,assault,"Lesiones o riesgo de daño causadas por el incumplimiento de las obligaciones profesionales, clasificadas como Negligencia profesional (02062).",,,,,
177,cdmx,TENTATIVA DE FEMINICIDIO,0102,Tentativa de homicidio intencional,Attempted intentional homicide,homicide,Tentativa de homicidio intencional (0102).,,,,,
178,cdmx,PRIV. ILEGAL DE LA LIB. Y ROBO DE VEHICULO,020221,Secuestro,Kidnapping,assault,"Detención ilícita con la finalidad de exigir provecho ilícito (020221), la privación de la libertad es el delito principal (Regla 2).",,,,,
179,cdmx,ROBO A CASA HABITACION Y VEHICULO SIN VIOLENCIA,05012,Robo con entrada ilícita en domicilios particulares,Burglary of private residential premises,burglary,Robo con entrada ilícita en domicilios particulares (05012). El hurto del vehículo es parte del acto de entrada ilícita (0501).,,,,,
180,cdmx,PERDIDA DE LA VIDA POR PRECIPITACION,NULL,NULL,NULL,non_criminal,"Muerte por accidente no ilícito, considerada non_criminal.",N/A,,,,
181,cdmx,DAÑO EN PROPIEDAD AJENA CULPOSA POR TRÁNSITO VEHICULAR A VIAS DE COMUNICACION,0504,Daños a la propiedad,Property damage,other,Daño a la propiedad intencional o involuntario (0504).,,,,,
182,cdmx,DELITOS DE ABOGADOS PATRONOS Y LITIGANTES,08069,Otros actos contra el sistema de justicia,Other acts against the justice system,public_order,Actos residuales contra el sistema de justicia (08069).,,,,,
183,cdmx,CAMBIO DE USO DE SUELO,10049,Otros actos que provocan el agotamiento o la degradación de los recursos naturales,Other acts that result in the depletion or degradation of natural resources,other,Actos que agotan recursos naturales (residual 10049).,,,,,
184,cdmx,ROBO A NEGOCIO CON VIOLENCIA POR FARDEROS (TIENDAS DE AUTOSERVICIO),040132,Robo a instituciones no financieras,Robbery of a non-financial institution,robbery,Robo con violencia a un negocio (040132).,,,,,
185,cdmx,HOMICIDIO CULPOSO POR TRÁNSITO VEHICULAR,010321,Homicidio por tránsito vehicular,Vehicular homicide,homicide,Homicidio por tránsito vehicular (010321).,,,,,
186,cdmx,FEMINICIDIO,0101,Homicidio intencional,Intentional homicide,homicide,El feminicidio es una inclusión explícita en Homicidio intencional (0101).,,,,,
187,cdmx,ROBO A PASAJERO EN RTP CON VIOLENCIA,040121,Robo de automóviles o vehículos,Robbery of a car or vehicle,robbery,Robo de vehículo en tránsito con violencia (040121).,,,,,
188,cdmx,VIOLACION EQUIPARADA POR CONOCIDO,030113,Violación por presunción legal,Statutory rape,sexual_offense,Penetración sexual con una persona incapaz de dar su consentimiento por una razón jurídica (030113).,,,,,
189,cdmx,VIOLACION TUMULTUARIA,03011,Violación,Rape,sexual_offense,Violación (03011).,,,,,
190,cdmx,CONTAMINACIÓN O RESIDUOS,1001,Actos que causan contaminación o degradación del medio ambiente,Acts that cause environmental pollution or degradation,other,Actos que provocan la contaminación del entorno natural (1001).,,,,,
191,cdmx,USURPACION DE FUNCIONES PUBLICAS,0904,Actos contra la seguridad del Estado,Acts against state security,public_order,La Usurpación se incluye en Actos contra la seguridad del Estado (0904).,,,,,
192,cdmx,ROBO A CASA HABITACION Y VEHICULO CON VIOLENCIA,040112,Robo a personas en lugares privados,Robbery from the person in a private location,robbery,"Robo a personas en lugares privados (040112), ya que predomina el uso de la fuerza (Regla 2).",,,,,
193,cdmx,ROBO A PASAJERO A BORDO DE TAXI SIN VIOLENCIA,050221,Hurto de bienes personales a una persona,Theft of personal property from a person,theft_larceny,Hurto de bienes personales a una persona en transporte (Carterismo) (050221).,,,,,
194,cdmx,ACOSO SEXUAL AGRAVADO EN CONTRA DE MENORES,030122,Agresión sexual no física,Non-physical sexual assault,sexual_offense,Hostigamiento sexual (030122).,,,,,
195,cdmx,ROBO DE VEHICULO DE SERVICIO DE TRANSPORTE SIN VIOLENCIA,050211,Hurto de vehículos terrestres de motor,Theft of a motorized land vehicle,vehicle_crime,Hurto de vehículos terrestres de motor (050211).,,,,,
196,cdmx,ROBO A PASAJERO A BORDO DE METROBUS CON VIOLENCIA,040121,Robo de automóviles o vehículos,Robbery of a car or vehicle,robbery,Robo de vehículo en tránsito con violencia (040121).,,,,,
197,cdmx,"DAÑO SUELO (ACTIVIDAD, INVASIÓN O EXTRACCIÓN)",10049,Otros actos que provocan el agotamiento o la degradación de los recursos naturales,Other acts that result in the depletion or degradation of natural resources,other,Actos que agotan recursos naturales (residual 10049).,,,,,
198,cdmx,DDH FDS,NULL,NULL,NULL,non_criminal,Denuncia de Hechos (DDH) es un registro administrativo.,N/A,,,,
199,cdmx,TENTATIVA DE FRAUDE,08063,Intención delictiva,Criminal intent,public_order,Intención delictiva (08063).,,,,,
200,cdmx,PERDIDA DE LA VIDA POR INTOXICACION,02071,Actos que ponen en peligro la salud,Acts that endanger health,assault,"Si la intoxicación fue intencional (ej., adulteración de alimentos), se clasifica como Actos que ponen en peligro la salud (02071). Si no fue ilícito, sería non_criminal. Asumimos el código más relevante.",,,,,
201,cdmx,ESTUPRO,030113,Violación por presunción legal,Statutory rape,sexual_offense,"Relaciones sexuales con una persona menor de la edad de consentimiento, clasificadas como Violación por presunción legal (030113).",,,,,
202,cdmx,PERDIDA DE LA VIDA POR CONGESTION ALCOHOLICA,NULL,NULL,NULL,non_criminal,Muerte por causas naturales o autoinfligidas (no ilícitas).,N/A,,,,
203,cdmx,VIOLACION DE CORRESPONDENCIA,02111,Invasión de la intimidad,Invasion of privacy,other,"Incluye la ""Violación del secreto de la correspondencia"" (02111).",,,,,
204,cdmx,DDH REDES,NULL,NULL,NULL,non_criminal,Denuncia de Hechos (DDH) es un registro administrativo.,N/A,,,,
205,cdmx,DDH OFICIO COLABORACION,NULL,NULL,NULL,non_criminal,Denuncia de Hechos (DDH) es un registro administrativo.,N/A,,,,
206,cdmx,ROBO DE VEHICULO DE SERVICIO OFICIAL SIN VIOLENCIA,050211,Hurto de vehículos terrestres de motor,Theft of a motorized land vehicle,vehicle_crime,Hurto de vehículos terrestres de motor (050211).,,,,,
207,cdmx,INTIMIDACION,0208,Actos dirigidos a inducir miedo o angustia emocional,Acts intended to induce fear or emotional distress,assault,Miedo o angustia emocional causada por el comportamiento o las acciones de una persona (0208).,,,,,
208,cdmx,PELIGRO DE CONTAGIO,02071,Actos que ponen en peligro la salud,Acts that endanger health,assault,Incluye la transmisión dolosa del VIH/SIDA u otras enfermedades infecciosas (criminal transmission of HIV/AIDS) (02071).,,,,,
209,cdmx,PERDIDA DE LA VIDA POR SUICIDIO EN EL METRO,0104,Suicidio asistido o incitación al suicidio,Assisting or instigating suicide,other,Mapeado a la categoría temática de suicidio (0104).,,,,,
210,cdmx,DDH CERESO,NULL,NULL,NULL,non_criminal,Denuncia de Hechos (DDH) es un registro administrativo.,N/A,,,,
211,cdmx,PORNOGRAFIA INFANTIL,030221,Pornografía infantil,Child pornography,sexual_offense,"Posesión, divulgación, transmisión, exhibición o venta de pornografía infantil (030221).",,,,,
212,cdmx,PLAGIO O SECUESTRO,020221,Secuestro,Kidnapping,assault,Sustracción y detención ilícitas de una o varias personas... con la finalidad de exigir... un provecho ilícito (020221).,,,,,
213,cdmx,TENTATIVA DE VIOLACION,0301,Violencia sexual,Sexual violence,sexual_offense,Intento de conseguir un acto sexual no deseado (0301).,,,,,
214,cdmx,PERDIDA DE LA VIDA POR ACCIDENTE LABORAL,010322,Homicidio no ocasionado por tránsito vehicular,Non-vehicular homicide,homicide,Homicidio por negligencia grave; negligencia profesional que cause la muerte (010322).,,,,,
215,cdmx,PECULADO,07032,Malversación o peculado,Embezzlement,fraud,"Apropiación indebida o desviación por un funcionario público... de bienes, fondos o títulos públicos o privados... confiados al funcionario en virtud de su cargo (07032).",,,,,
216,cdmx,TRAFICO DE INFLUENCIA,07034,Tráfico de influencias,Trading in influence,fraud,"Promesa, ofrecimiento o concesión a un funcionario público... de un beneficio indebido con el fin de que... abuse de su influencia real o supuesta (07034).",,,,,
217,cdmx,PERDIDA DE LA VIDA POR AHOGAMIENTO,NULL,NULL,NULL,non_criminal,"Muerte por accidente no ilícito, considerada non_criminal.",N/A,,,,
218,cdmx,ROBO A NEGOCIO Y VEHICULO CON VIOLENCIA,040121,Robo de automóviles o vehículos,Robbery of a car or vehicle,robbery,Robo con violencia de vehículo en tránsito (040121) (Regla 2: predomina la violencia).,,,,,
219,cdmx,ROBO A PASAJERO EN RTP SIN VIOLENCIA,050221,Hurto de bienes personales a una persona,Theft of personal property from a person,theft_larceny,Hurto sin violencia en transporte público (Carterismo) (050221).,,,,,
220,cdmx,VARIACION DE NOMBRE O DOMICILIO,08061,Obstrucción de la justicia,Obstruction of justice,public_order,Dar información falsa a las autoridades se incluye en Obstrucción de la justicia (08061).,,,,,
221,cdmx,OPERACIONES CON RECURSOS DE PROCEDENCIA ILICITA,07041,Blanqueo de dinero,Money laundering,fraud,"Conversión o transferencia de bienes, a sabiendas de que esos bienes son producto del delito, con el propósito de ocultar o disimular el origen ilícito (07041).",,,,,
222,cdmx,OMISION DE AUXILIO O DE CUIDADO,020619,Otras formas de negligencia en situaciones de personas bajo cuidado,Other negligence in situations of persons under care,assault,Omisión del deber de socorrer a un herido (02069) o negligencia en el cuidado (020619). Se prioriza 020619.,",",,,,
223,cdmx,GESTIÓN AMBIENTAL,10099,Otros actos contra el entorno natural,Other acts against the natural environment,other,Código residual para actos contra el entorno natural (10099).,,,,,
224,cdmx,HOMICIDIO CULPOSO POR ARMA DE FUEGO,010322,Homicidio no ocasionado por tránsito vehicular,Non-vehicular homicide,homicide,"Muerte no intencional por acto negligente no vehicular, como la negligencia en el manejo de un arma (010322).",,,,,
225,cdmx,VIOLACION TUMULTUARIA EQUIPARADA,03011,Violación,Rape,sexual_offense,Violación (03011).,,,,,
226,cdmx,ROBO A PASAJERO EN TREN SUBURBANO SIN VIOLENCIA,050221,Hurto de bienes personales a una persona,Theft of personal property from a person,theft_larceny,Hurto sin violencia en transporte público (Carterismo) (050221).,,,,,
227,cdmx,"INHUMACION, EXHUMACION Y RESPETO A LOS CADAVERES O RESTOS HUMANOS",02119,Otras transgresiones contra las personas,Other acts that trespass against the person,other,"Delitos relacionados con el manejo ilícito de cadáveres, incluyendo Destrucción de sepulturas o Mutilación de cadáveres (02119).",,,,,
228,cdmx,ROBO DE VEHICULO DE SERVICIO DE TRANSPORTE CON VIOLENCIA,040121,Robo de automóviles o vehículos,Robbery of a car or vehicle,robbery,Robo de vehículo en tránsito con violencia (040121).,,,,,
229,cdmx,PERDIDA DE LA VIDA ASFIXIA POR ALIMENTOS/ LIQUIDOS,NULL,NULL,NULL,non_criminal,"Muerte por accidente no ilícito, considerada non_criminal.",N/A,,,,
230,cdmx,DDH INCOMPETENCIA,NULL,NULL,NULL,non_criminal,Denuncia de Hechos (DDH) es un registro administrativo.,N/A,,,,
231,cdmx,EVASION DE PRESOS,08062,Incumplimiento de órdenes judiciales,Breach of justice order,public_order,Fuga o evasión de la detención (escape from custody) (08062).,,,,,
232,cdmx,ROBO A PASAJERO EN TROLEBUS CON VIOLENCIA,040121,Robo de automóviles o vehículos,Robbery of a car or vehicle,robbery,Robo de vehículo en tránsito con violencia (040121).,,,,,
233,cdmx,"FALSIFICACIÓN DE SELLOS, MARCAS, LLAVES, CUÑOS, TROQUELES, CONTRASEÑAS Y OTROS",07029,Otros actos de falsificación,Other acts of forgery/counterfeiting,fraud,La fabricación de instrumentos para crear bienes falsos se clasifica en Otros actos de falsificación (07029).,,,,,
234,cdmx,ROBO A NEGOCIO Y VEHICULO SIN VIOLENCIA,05011,Robo con entrada ilícita en locales comerciales,Burglary of business premises,burglary,Robo con entrada ilícita en locales comerciales (05011).,,,,,
235,cdmx,DESAPARICION FORZADA DE PERSONAS,020222,Retención ilegal,Illegal restraint,assault,"Detención ilícita de una o varias personas en contra de su voluntad, que incluye la desaparición forzada (020222).",,,,,
236,cdmx,OTROS CULPOSOS,1109,Otros actos delictivos no clasificados en otra parte,Other criminal acts not elsewhere classified,other,Delito residual no clasificado (1109).,,,,,
237,cdmx,USURPACION DE FUNCIONES,0904,Actos contra la seguridad del Estado,Acts against state security,public_order,La Usurpación se incluye en Actos contra la seguridad del Estado (0904).,,,,,
238,cdmx,HOMICIDIO CULPOSO FUERA DEL D.F (COLISION),010321,Homicidio por tránsito vehicular,Vehicular homicide,homicide,Homicidio por tránsito vehicular (010321).,,,,,
239,cdmx,ROBO A REPARTIDOR Y VEHICULO SIN VIOLENCIA,050211,Hurto de vehículos terrestres de motor,Theft of a motorized land vehicle,vehicle_crime,Hurto de vehículos terrestres de motor (050211).,,,,,
240,cdmx,HOMICIDIO CULPOSO FUERA DEL D.F (ATROPELLADO),010321,Homicidio por tránsito vehicular,Vehicular homicide,homicide,Homicidio por tránsito vehicular (010321).,,,,,
241,cdmx,ROBO DE MAQUINARIA CON VIOLENCIA,04019,Otros actos de robo,Other acts of robbery,robbery,Actos de robo no descritos ni clasificados en las categorías específicas (04019).,,,,,
242,cdmx,ROBO A PASAJERO EN AUTOBÚS FORÁNEO CON VIOLENCIA,040121,Robo de automóviles o vehículos,Robbery of a car or vehicle,robbery,Robo de vehículo en tránsito con violencia (040121).,,,,,
243,cdmx,FEMINICIDIO POR ARMA BLANCA,0101,Homicidio intencional,Intentional homicide,homicide,"Homicidio intencional (0101), incluyendo el feminicidio.",,,,,
244,cdmx,ROBO DE CONTENEDORES DE TRAILERS S/V,05029,Otros actos de hurto,Other acts of theft,theft_larceny,Hurto de propiedad no clasificado específicamente (05029).,,,,,
245,cdmx,PERDIDA DE LA VIDA POR DERRUMBE,NULL,NULL,NULL,non_criminal,"Muerte por accidente no ilícito, considerada non_criminal.",N/A,,,,
246,cdmx,ROBO A TRANSEUNTE EN HOTEL CON VIOLENCIA,040112,Robo a personas en lugares privados,Robbery from the person in a private location,robbery,Robo de bienes personales en un lugar privado (040112).,,,,,
247,cdmx,ROBO A TRANSPORTISTA Y VEHICULO PESADO SIN VIOLENCIA,050211,Hurto de vehículos terrestres de motor,Theft of a motorized land vehicle,vehicle_crime,Hurto de vehículos terrestres de motor (050211).,,,,,
248,cdmx,LESIONES DOLOSAS POR QUEMADURAS,020111,Agresión grave,Serious assault,assault,"Agresión grave (020111),.",,,,,
249,cdmx,ROBO DE MERCANCIA EN CONTENEDORES EN ÁREAS FEDERALES,05029,Otros actos de hurto,Other acts of theft,theft_larceny,Hurto de propiedad no clasificado específicamente (05029).,,,,,
250,cdmx,"ROBO DE VEHICULO EN PENSION, TALLER Y AGENCIAS S/V",050211,Hurto de vehículos terrestres de motor,Theft of a motorized land vehicle,vehicle_crime,Hurto de vehículos terrestres de motor (050211).,,,,,
251,cdmx,ROBO DE VEHICULO ELECTRICO MOTOPATIN,050229,Otras formas de hurto de bienes personales,Other theft of personal property,theft_larceny,Hurto de bicicleta u otros vehículos no motorizados se clasifica como Otras formas de hurto de bienes personales (050229).,,,,,
252,cdmx,BIGAMIA,08029,Otros actos contrarios a las normas de conducta sexual orientadas al mantenimiento del orden público,Other acts against public order sexual standards,sexual_offense,La Bigamia se incluye en Otros actos contrarios a las normas de conducta sexual (08029).,,,,,
253,cdmx,ROBO A OFICINA PÚBLICA CON VIOLENCIA,040132,Robo a instituciones no financieras,Robbery of a non-financial institution,robbery,Robo a instituciones no financieras (040132).,,,,,
254,cdmx,CONTRA EL ESTADO CIVIL,0809,"Otros actos contra el orden público, la autoridad y las disposiciones del Estado","Other acts against public order, authority and provisions of the State",other,"Delitos relacionados con el derecho de familia, como adulterio (08029), pero si no es sexual se asigna al residual Otros actos contra el Estado (0809). Usamos 0809 para la categoría general.",,,,,
255,cdmx,VIOLACION DE LA INTIMIDAD,02111,Invasión de la intimidad,Invasion of privacy,other,Invasión o intromisión en la intimidad (02111).,,,,,
256,cdmx,HOMICIDIO CULPOSO,01032,Homicidio culposo,Negligent manslaughter,homicide,Muerte no intencional como resultado de un acto negligente o involuntario (01032).,,,,,
257,cdmx,ENRIQUECIMIENTO ILICITO,07035,Enriquecimiento ilícito,Illicit enrichment,fraud,Obtención de un incremento significativo del patrimonio... que no pueda ser razonablemente justificado (07035).,,,,,
258,cdmx,ROBO A SUCURSAL BANCARIA CON VIOLENCIA,040131,Robo a instituciones financieras,Robbery of a financial institution,robbery,Robo a instituciones financieras (040131).,,,,,
259,cdmx,HOMICIDIO CULPOSO CON EXCLUYENTES DE RESPONSABILIDAD,01032,Homicidio culposo,Negligent manslaughter,homicide,Se mapea al acto base de Homicidio culposo (01032).,,,,,
260,cdmx,FEMINICIDIO POR DISPARO DE ARMA DE FUEGO,0101,Homicidio intencional,Intentional homicide,homicide,Homicidio intencional (0101).,,,,,
261,cdmx,LESIONES CULPOSAS CON EXCLUYENTES DE RESPONSABILIDAD,0206,Negligencia,Negligence,assault,Se mapea al acto base de Negligencia (0206).,,,,,
262,cdmx,PRIVACION DE LA LIBERTAD PERSONAL (REALIZAR ACTO SEXUAL),02022,Privación de libertad,Deprivation of liberty,assault,Detención ilícita de una o varias personas (02022) (Regla 2: predomina la privación de libertad si no equivale a una agresión sexual codificada).,,,,,
263,cdmx,ROBO EN INTERIOR DE EMPRESA (NOMINA) SIN VIOLENCIA,050239,Otras formas de hurto de bienes comerciales,Other theft of business property,theft_larceny,Hurto de bienes comerciales en locales que no sean locales de venta al por menor (050239).,,,,,
264,cdmx,PERDIDA DE LA VIDA POR ASFIXIA,NULL,NULL,NULL,non_criminal,"Muerte por accidente no ilícito, considerada non_criminal.",N/A,,,,
265,cdmx,ROBO DE VEHICULO DE SERVICIO OFICIAL CON VIOLENCIA,040121,Robo de automóviles o vehículos,Robbery of a car or vehicle,robbery,Robo de vehículo en tránsito con violencia (040121).,,,,,
266,cdmx,FEMINICIDIO POR GOLPES,0101,Homicidio intencional,Intentional homicide,homicide,Homicidio intencional (0101).,,,,,
267,cdmx,ROBO DE MAQUINARIA SIN VIOLENCIA,05029,Otros actos de hurto,Other acts of theft,theft_larceny,Hurto de propiedad no clasificado específicamente (05029).,,,,,
268,cdmx,ROBO DE MERCANCIA A TRANSPORTISTA C/V,040129,Otras formas de robo de objetos de valor o bienes en tránsito,Other robbery of valuables or goods in transit,robbery,Robo de bienes en tránsito no descrito ni clasificado (040129).,,,,,
269,cdmx,"FALSIFICACION DE SELLOS, MARCAS, LLAVES Y OTROS",07029,Otros actos de falsificación,Other acts of forgery/counterfeiting,fraud,Otros actos de falsificación (07029).,,,,,
270,cdmx,"PANDILLA, ASOCIACIÓN DELICTUOSA Y DELINCUENCIA ORGANIZADA",09051,Participación en un grupo delictivo organizado,Participation in an organized criminal group,public_order,Participación en las actividades de un grupo delictivo organizado (09051).,,,,,
271,cdmx,REGULACIÓN URBANA,0809,"Otros actos contra el orden público, la autoridad y las disposiciones del Estado","Other acts against public order, authority and provisions of the State",other,Actos residuales contra las disposiciones del Estado (0809).,,,,,
272,cdmx,"FABRICACION, COMERCIALIZACION Y USO INDEBIDO DE INSIGNIAS Y UNIFORMES",0809,"Otros actos contra el orden público, la autoridad y las disposiciones del Estado","Other acts against public order, authority and provisions of the State",other,Actos residuales contra las disposiciones del Estado (0809).,,,,,
273,cdmx,ROBO A PASAJERO EN ECOBUS CON VIOLENCIA,040121,Robo de automóviles o vehículos,Robbery of a car or vehicle,robbery,Robo de vehículo en tránsito con violencia (040121).,,,,,
274,cdmx,ROBO A SUCURSAL BANCARIA SIN VIOLENCIA,05011,Robo con entrada ilícita en locales comerciales,Burglary of business premises,burglary,Robo con entrada ilícita en locales comerciales (05011).,,,,,
275,cdmx,ROBO A PASAJERO EN TREN LIGERO CON VIOLENCIA,040121,Robo de automóviles o vehículos,Robbery of a car or vehicle,robbery,Robo de vehículo en tránsito con violencia (040121).,,,,,
276,cdmx,"ROBO DE VEHICULO EN PENSION, TALLER Y AGENCIAS C/V",040121,Robo de automóviles o vehículos,Robbery of a car or vehicle,robbery,Robo de vehículo en tránsito con violencia (040121).,,,,,
277,cdmx,ROBO A SUCURSAL BANCARIA (SUPERMERCADO) SIN VIOLENCIA,05011,Robo con entrada ilícita en locales comerciales,Burglary of business premises,burglary,Robo con entrada ilícita en locales comerciales (05011).,,,,,
278,cdmx,"EXPLOTACIÓN LABORAL DE MENORES, PERSONAS CON DISCAPACIDAD FÍSICA O MENTAL Y ADULTOS MAYORES",020329,Otras formas de trabajo forzoso,Other forced labour,assault,"Trabajo o servicio ilícito exigido a una persona bajo la amenaza de una pena (02032), clasificado en el residual Otras formas de trabajo forzoso (020329).",",",,,,
279,cdmx,ATAQUES A LA PAZ PUBLICA,08011,Delitos relacionados con la alteración violenta del orden público,Violent public disorder offences,public_order,Violencia ilícita organizada o espontánea que provoca graves trastornos (08011).,,,,,
280,cdmx,ROBO A PASAJERO EN AUTOBUS FORANEO SIN VIOLENCIA,050221,Hurto de bienes personales a una persona,Theft of personal property from a person,theft_larceny,Hurto de bienes personales a una persona en transporte público (Carterismo) (050221).,,,,,
281,cdmx,ROBO A SUCURSAL BANCARIA (ASALTO BANCARIO) CON VIOLENCIA,040131,Robo a instituciones financieras,Robbery of a financial institution,robbery,Robo a instituciones financieras (040131).,,,,,
282,cdmx,ROBO A TRANSEUNTE EN TERMINAL DE PASAJEROS CON VIOLENCIA,040111,Robo a personas en lugares públicos,Robbery from the person in a public location,robbery,Robo con violencia en un lugar público (040111).,,,,,
283,cdmx,ROBO A TRANSEUNTE EN VIA PUBLICA (NOMINA) CON VIOLENCIA,040111,Robo a personas en lugares públicos,Robbery from the person in a public location,robbery,Robo con violencia en un lugar público (040111).,,,,,
284,cdmx,OPOSICION A QUE SE EJECUTE ALGUNA OBRA O TRABAJO PUBLICOS,08019,Otros actos contrarios a las normas de conducta orientadas al mantenimiento del orden público,Other acts against public order behavioural standards,public_order,Actos residuales contra las normas de conducta orientadas al mantenimiento del orden público (08019).,,,,,
285,cdmx,OTROS DELITOS,1109,Otros actos delictivos no clasificados en otra parte,Other criminal acts not elsewhere classified,other,Delito residual no clasificado (1109).,,,,,
286,cdmx,ROBO A PASAJERO EN ECOBUS SIN VIOLENCIA,050221,Hurto de bienes personales a una persona,Theft of personal property from a person,theft_larceny,Hurto sin violencia en transporte público (Carterismo) (050221).,,,,,
287,cdmx,CORRUPCION DE MENORES E INCAPACES,03022,Explotación sexual de menores,Sexual exploitation of children,sexual_offense,Explotación sexual de un menor (03022).,,,,,
288,cdmx,EXPOSICION DE MENORES,020611,Negligencia en situaciones de menores bajo cuidado,Negligence in situations of children under care,assault,Abandono de niños o desatención de un menor bajo cuidado (020611).,,,,,
289,cdmx,ROBO A TRANSEUNTE Y VEHICULO CON VIOLENCIA,040121,Robo de automóviles o vehículos,Robbery of a car or vehicle,robbery,Robo de vehículo en tránsito con violencia (040121).,,,,,
290,cdmx,HOMICIDIO POR AHORCAMIENTO,0101,Homicidio intencional,Intentional homicide,homicide,Homicidio intencional (0101).,,,,,
291,cdmx,ROBO DURANTE TRASLADO DE VALORES (NOMINA) CON VIOLENCIA,04012,Robo de objetos de valor o bienes en tránsito,Robbery of valuables or goods in transit,robbery,Robo de bienes en tránsito con violencia (04012).,,,,,
292,cdmx,ROBO EN INTERIOR DE EMPRESA (NOMINA) CON VIOLENCIA,040132,Robo a instituciones no financieras,Robbery of a non-financial institution,robbery,Robo con violencia a un establecimiento no financiero (040132).,,,,,
293,cdmx,USO INDEBIDO DE CONDECORACIONES UNIFORMES E INSIGNIAS,0809,"Otros actos contra el orden público, la autoridad y las disposiciones del Estado","Other acts against public order, authority and provisions of the State",other,"Insulto al... Estado, la nación o los símbolos del Estado (0809).",,,,,
294,cdmx,ROBO DE MERCANCIA EN CONTENEDORES EN ÁREAS FEDERALES,05029,Otros actos de hurto,Other acts of theft,theft_larceny,Hurto de propiedad no clasificado específicamente (05029).,,,,,
295,cdmx,EXHORTOS,NULL,NULL,NULL,non_criminal,Proceso procesal legal (administrativo).,N/A,,,,
296,cdmx,VIOLACION EQUIPARADA Y ROBO DE VEHICULO,03011,Violación,Rape,sexual_offense,Violación (03011) (Regla 2: predomina el delito más grave).,,,,,
297,cdmx,DELITOS CONTRA LA SALUD,0601,Actos ilícitos relacionados con drogas o precursores sujetos a fiscalización,Unlawful acts involving controlled drugs or precursors,drug_offense,"Manipulación, posesión, adquisición, utilización, tráfico, cultivo o producción ilícitos de drogas (0601).",,,,,
298,cdmx,TRAFICO DE INFANTES,020291,Adopción ilegal,Illegal adoption,assault,"Preparar, entregar o controlar ilegalmente a un menor con fines de adopción (020291).",,,,,
299,cdmx,EXPLOTACIÓN DE MENOR O DISCAPACITADO,020329,Otras formas de trabajo forzoso,Other forced labour,assault,Otras formas de trabajo forzoso (020329).,,,,,
300,cdmx,ROBO A PASAJERO EN TREN SUBURBANO CON VIOLENCIA,040121,Robo de automóviles o vehículos,Robbery of a car or vehicle,robbery,Robo de vehículo en tránsito con violencia (040121).,,,,,
301,cdmx,HOMICIDIO CULPOSO POR INSTRUMENTO PUNZO CORTANTE,010322,Homicidio no ocasionado por tránsito vehicular,Non-vehicular homicide,homicide,Homicidio por negligencia grave (010322).,,,,,
302,cdmx,SABOTAJE,0904,Actos contra la seguridad del Estado,Acts against state security,public_order,El Sabotaje se incluye en Actos contra la seguridad del Estado (0904).,,,,,
303,cdmx,EJERCICIO INDEBIDO DEL PROPIO DER.,08069,Otros actos contra el sistema de justicia,Other acts against the justice system,public_order,Actos residuales contra el sistema de justicia (08069).,,,,,
304,cdmx,ROBO A TRANSEUNTE EN CINE CON VIOLENCIA,040111,Robo a personas en lugares públicos,Robbery from the person in a public location,robbery,Robo con violencia en un lugar público (040111).,,,,,
305,cdmx,INHUMACIONES Y/O EXHUMACIONES,02119,Otras transgresiones contra las personas,Other acts that trespass against the person,other,"Delitos relacionados con el manejo ilícito de cadáveres, incluyendo Destrucción de sepulturas (02119).",,,,,
306,cdmx,OPOSICION A LA OBRA PUBLICA,08019,Otros actos contrarios a las normas de conducta orientadas al mantenimiento del orden público,Other acts against public order behavioural standards,public_order,Actos residuales contra las normas de conducta orientadas al mantenimiento del orden público (08019).,,,,,
307,cdmx,CONCUSION,07033,Abuso de funciones,Abuse of functions,fraud,Abuso de funciones (07033).,,,,,
308,cdmx,DIFAMACION,0209,Difamación o insulto,Defamation or insult,other,"""Observación, acción o comunicación intencionales... que dañen la reputación"" (0209).",,,,,
309,cdmx,ROBO A SUCURSAL BANCARIA DENTRO DE TIENDAS DE AUTOSERVICIO CON VIOLENCIA,040131,Robo a instituciones financieras,Robbery of a financial institution,robbery,Robo a instituciones financieras (040131).,,,,,
310,cdmx,COALICIÓN DE SERVIDORES PÚBLICOS,07039,Otros actos de corrupción,Other acts of corruption,fraud,Actos residuales de corrupción (07039).,,,,,
311,cdmx,LENOCINIO,03021,Explotación sexual de adultos,Sexual exploitation of adults,sexual_offense,Proxenetismo (pimping) se incluye en Explotación sexual de adultos (03021).,,,,,
312,cdmx,EJERCICIO ABUSIVO DE FUNCIONES,07033,Abuso de funciones,Abuse of functions,fraud,Abuso de funciones (07033).,,,,,
313,cdmx,ROBO A PASAJERO A BORDO DE PESERO Y VEHICULO CON VIOLENCIA,040121,Robo de automóviles o vehículos,Robbery of a car or vehicle,robbery,Robo de vehículo en tránsito con violencia (040121).,,,,,
314,cdmx,ENTREGA ILEGITIMA DE UN MENOR,020291,Adopción ilegal,Illegal adoption,assault,"Preparar, entregar o controlar ilegalmente a un menor con fines de adopción (020291).",,,,,
315,cdmx,LESIONES INTENCIONALES Y ROBO DE VEHICULO,040121,Robo de automóviles o vehículos,Robbery of a car or vehicle,robbery,Robo de vehículo con violencia (040121) (Regla 2: predomina la violencia contra el vehículo/pasajeros).,,,,,
316,cdmx,SECUESTRO EXTORSIVO,020221,Secuestro,Kidnapping,assault,Sustracción y detención ilícitas de una o varias personas... con la finalidad de exigir... un provecho ilícito (020221).,,,,,
317,cdmx,OTROS AMBIENTALES,10099,Otros actos contra el entorno natural,Other acts against the natural environment,other,Código residual para actos contra el entorno natural (10099).,,,,,
318,cdmx,ROBO DURANTE TRASLADO DE VALORES (NOMINA) SIN VIOLENCIA,05029,Otros actos de hurto,Other acts of theft,theft_larceny,Hurto de propiedad no clasificado específicamente (05029).,,,,,
319,cdmx,ROBO A PASAJERO A BORDO DE CABLEBUS SIN VIOLENCIA,050221,Hurto de bienes personales a una persona,Theft of personal property from a person,theft_larceny,Hurto sin violencia en transporte público (Carterismo) (050221).,,,,,
320,cdmx,"INTIMIDACION (EVITAR DENUNCIA, APORTE INFORMACIÓN O PRUEBAS)",08061,Obstrucción de la justicia,Obstruction of justice,public_order,Amenazar o intimidar a un testigo para obstruir la justicia (08061).,,,,,
321,cdmx,VIOLACION TUMULTUARIA EQUIPARADA POR CONOCIDO,03011,Violación,Rape,sexual_offense,Violación (03011).,,,,,
322,cdmx,OPERACIONES CON RECURSOS DE PROCEDENCIA ILEGAL,07041,Blanqueo de dinero,Money laundering,fraud,Blanqueo de dinero (07041).,,,,,
323,cdmx,ROBO A SUCURSAL BANCARIA (SUPERMERCADO) CON VIOLENCIA,040131,Robo a instituciones financieras,Robbery of a financial institution,robbery,Robo a instituciones financieras (040131).,,,,,
324,cdmx,ROBO A SUCURSAL BANCARIA DENTRO DE TIENDAS DE AUTOSERVICIO S/V,05011,Robo con entrada ilícita en locales comerciales,Burglary of business premises,burglary,Robo con entrada ilícita en locales comerciales (05011).,,,,,
325,cdmx,COACCION DE SERVIDORES PUBLICOS,07033,Abuso de funciones,Abuse of functions,fraud,Abuso de funciones (07033).,,,,,
326,cdmx,ULTRAJES,08012,Actos relacionados con las normas y preceptos sociales y religiosos orientados al mantenimiento del orden público,Acts related to social and religious public order norms and standards,public_order,Lenguaje o comportamiento ofensivo (08012).,,,,,
327,cdmx,LEY FEDERAL DE ARMAS DE FUEGO Y EXPLOSIVOS,090111,Posesión o uso ilícitos de armas de fuego,Unlawful possession or use of firearms,public_order,Posesión o porte ilegal de armas de fuego (090111).,,,,,
328,cdmx,PERDIDA DE LA VIDA POR ENVENENAMIENTO,0101,Homicidio intencional,Intentional homicide,homicide,"El envenenamiento se incluye en Agresión grave (020111), y si causa la muerte, en Homicidio intencional (0101).",",",,,,
329,cdmx,MOTIN,08011,Delitos relacionados con la alteración violenta del orden público,Violent public disorder offences,public_order,Violencia ilícita organizada o espontánea que provoca graves trastornos (08011).,,,,,
330,cdmx,ROBO A PASAJERO A BORDO DE CABLEBUS CON VIOLENCIA,040121,Robo de automóviles o vehículos,Robbery of a car or vehicle,robbery,Robo de vehículo en tránsito con violencia (040121).,,,,,
331,cdmx,DENUNCIA DE HECHOS POR ROBO DE CELULAR,NULL,NULL,NULL,non_criminal,Denuncia de Hechos (DDH) es un registro administrativo.,N/A,,,,
332,cdmx,DESACATO,08062,Incumplimiento de órdenes judiciales,Breach of justice order,public_order,Desacato al tribunal (08062).,,,,,
333,cdmx,CONTAGIO VENERERO,02071,Actos que ponen en peligro la salud,Acts that endanger health,assault,Incluye la transmisión dolosa del VIH/SIDA (02071).,,,,,
334,cdmx,PERSONAS EXTRAVIADAS,NULL,NULL,NULL,non_criminal,Registro administrativo.,N/A,,,,
335,cdmx,INCESTO,08029,Otros actos contrarios a las normas de conducta sexual orientadas al mantenimiento del orden público,Other acts against public order sexual standards,sexual_offense,Se clasifica en Otros actos contrarios a las normas de conducta sexual (08029).,,,,,
336,cdmx,"PROCREACION ASISTIDA, INSEMINACION ARTIFICIAL Y ESTERILIZACION FORZADA",020111,Agresión grave,Serious assault,assault,La esterilización forzada se incluye en Agresión grave (020111).,,,,,
337,cdmx,UTILIZACION INDEBIDA DE LA VIA PUBLICA,08012,Actos relacionados con las normas y preceptos sociales y religiosos orientados al mantenimiento del orden público,Acts related to social and religious public order norms and standards,public_order,Actos contrarios a las normas de conducta orientadas al orden público (08012).,,,,,
338,cdmx,VIOLACION Y ROBO DE VEHICULO,03011,Violación,Rape,sexual_offense,Violación (03011) (Regla 2: predomina el delito más grave).,,,,,
339,cdmx,HOMICIDIO CULPOSO CON EXCLUYENTES DE RESPONSABILIDAD,01032,Homicidio culposo,Negligent manslaughter,homicide,Se mapea al acto base de Homicidio culposo (01032).,,,,,
340,cdmx,LESIONES CULPOSAS CON EXCLUYENTES DE RESPONSABILIDAD,0206,Negligencia,Negligence,assault,Se mapea al acto base de Negligencia (0206).,,,,,
341,cdmx,PROVOCACION O APOLOGIA DE DELITO,08032,Actos relacionados con expresiones de creencias y normas sociales controladas,Acts related to expressions of controlled social beliefs and norms,public_order,Se clasifica en Actos relacionados con expresiones de creencias y normas sociales controladas (08032).,,,,,
342,cdmx,PRIVACIÓN DE LA LIBERTAD PERSONAL (SI LIBERA DENTRO DE 24 HORAS),02022,Privación de libertad,Deprivation of liberty,assault,Detención ilícita de una o varias personas (02022).,,,,,
343,cdmx,ROBO A TRANSEUNTE EN VIA PUBLICA (NOMINA) SIN VIOLENCIA,050221,Hurto de bienes personales a una persona,Theft of personal property from a person,theft_larceny,Hurto de bienes personales a una persona sin violencia (050221).,,,,,
344,cdmx,ROBO DE INFANTE,02021,Secuestro de menores,Abduction of a minor,assault,Sustracción de un menor (02021).,,,,,
345,cdmx,CALUMNIAS,0209,Difamación o insulto,Defamation or insult,other,La Calumnia se incluye en Difamación o insulto (0209).,,,,,
346,cdmx,HOMICIDIO DOLOSO,0101,Homicidio intencional,Intentional homicide,homicide,Homicidio intencional (0101).,,,,,
347,cdmx,PROCREACION ASISTIDA,NULL,NULL,NULL,non_criminal,"Acto médico no ilícito, considerado non_criminal. (Ver 336 para casos de coerción).",N/A,,,,
348,cdmx,ROBO DE VEHICULO Y NOMINA CON VIOLENCIA,040121,Robo de automóviles o vehículos,Robbery of a car or vehicle,robbery,Robo de vehículo en tránsito con violencia (040121).,,,,,
349,cdmx,INJURIAS,0209,Difamación o insulto,Defamation or insult,other,La Injuria se incluye en Difamación o insulto (0209).,,,,,
350,cdmx,HOMICIDIO INTENCIONAL Y ROBO DE VEHICULO,0101,Homicidio intencional,Intentional homicide,homicide,Homicidio intencional (0101) (Regla 2: predomina el delito más grave).,,,,,
351,cdmx,ASOCIACION DELICTUOSA,09051,Participación en un grupo delictivo organizado,Participation in an organized criminal group,public_order,Participación en un grupo delictivo organizado (09051).,,,,,
352,cdmx,CONTRA LA LEY GENERAL DE EXPLOSIVOS,090112,Posesión o uso ilícitos de otras armas o explosivos,Unlawful possession or use of other weapons or explosives,public_order,Posesión o uso ilícitos de explosivos (090112).,,,,,
353,cdmx,ROBO A NEGOCIO (NOMINA) Y VEHICULO CON VIOLENCIA,040132,Robo a instituciones no financieras,Robbery of a non-financial institution,robbery,Robo con violencia a un negocio (040132).,,,,,
354,cdmx,CONTRA LA LEY FEDERAL DE POBLACION,0805,Actos relacionados con la migración,Acts related to migration,public_order,Actos ilícitos relacionados con la migración (0805).,,,,,
355,cdmx,HOMICIDIO POR INMERSION,0101,Homicidio intencional,Intentional homicide,homicide,Homicidio intencional (0101).,,,,,
356,cdmx,SECUESTRO,020221,Secuestro,Kidnapping,assault,Sustracción y detención ilícitas de una o varias personas... con la finalidad de exigir... un provecho ilícito (020221).,,,,,
357,cdmx,VIOLACION A LOS DERECHOS HUMANOS,07033,Abuso de funciones,Abuse of functions,fraud,"Si el acto lo realiza un funcionario público, se clasifica como Abuso de funciones (07033).",,,,,
358,chicago,THEFT,0502,Hurto,Theft,theft_larceny,"Sustracción u obtención ilícitas de bienes sin el uso de la fuerza, amenazas de uso de la fuerza o violencia, coacción o engaño (0502).",,,,,
359,chicago,BATTERY,020111,Agresión grave,Serious assault,assault,Aplicación intencional de fuerza física intensa sobre el cuerpo de una persona que provoca lesiones corporales graves (020111).,,,,,
360,chicago,CRIMINAL DAMAGE,0504,Daños a la propiedad,Property damage,other,"Destrucción, daños o degradación intencional de bienes (0504).",,,,,
361,chicago,NARCOTICS,0601,Actos ilícitos relacionados con drogas o precursores sujetos a fiscalización,Unlawful acts involving controlled drugs or precursors,drug_offense,"Manipulación, posesión, adquisición, utilización, tráfico, cultivo o producción ilícitos de drogas (0601).",,,,,
362,chicago,ASSAULT,02011,Agresión,Assault,assault,Aplicación intencional o imprudente de fuerza física sobre el cuerpo de una persona (02011).,,,,,
363,chicago,OTHER OFFENSE,1109,Otros actos delictivos no clasificados en otra parte,Other criminal acts not elsewhere classified,other,Delito residual no clasificado (1109).,,,,,
364,chicago,BURGLARY,0501,Robo con entrada ilícita,Burglary,burglary,Entrada no autorizada con la intención de cometer hurto (0501).,,,,,
365,chicago,MOTOR VEHICLE THEFT,05021,Hurto de vehículos de motor o de sus piezas,Theft of a motorized vehicle or parts thereof,vehicle_crime,Hurto de vehículos de motor (05021).,,,,,
366,chicago,DECEPTIVE PRACTICE,0701,Fraude,Fraud,fraud,Obtención de dinero u otros beneficios... por medios engañosos o conducta deshonesta (0701).,,,,,
367,chicago,ROBBERY,0401,Robo,Robbery,robbery,Sustracción u obtención ilícita de bienes mediante el uso de la fuerza o la amenaza de uso de la fuerza contra una persona (0401).,,,,,
368,chicago,CRIMINAL TRESPASS,0509,Otros actos contra la propiedad solamente,Other acts against property only,other,Violación de domicilio o entrada y ocupación forzada (0509).,,,,,
369,chicago,WEAPONS VIOLATION,09011,Posesión o uso de armas y explosivos,Possession or use of weapons and explosives,public_order,Posesión o uso ilícitos de armas de fuego fiscalizadas o prohibidas (09011).,,,,,
370,chicago,PROSTITUTION,08021,Delitos de prostitución,Prostitution offences,sexual_offense,Ofrecimiento de servicios sexuales a cambio de beneficios económicos o de otro tipo (08021).,,,,,
371,chicago,OFFENSE INVOLVING CHILDREN,1102,Actos contrarios a las leyes u otras disposiciones sobre menores,Acts contrary to youth regulations and acts on minors,other,Actos ilícitos definidos en leyes y reglamentos específicos que se refieran a los menores (1102).,,,,,
372,chicago,PUBLIC PEACE VIOLATION,08011,Delitos relacionados con la alteración violenta del orden público,Violent public disorder offences,public_order,Violencia ilícita organizada o espontánea que provoca graves trastornos (08011).,,,,,
373,chicago,SEX OFFENSE,0309,Otros actos lesivos de naturaleza sexual,Other injurious acts of a sexual nature,sexual_offense,Actos lesivos de naturaleza sexual no clasificados en las categorías específicas (0309).,,,,,
374,chicago,CRIM SEXUAL ASSAULT,03012,Agresión sexual,Sexual assault,sexual_offense,Acto sexual no deseado... que no equivalen a violación (03012).,,,,,
375,chicago,INTERFERENCE WITH PUBLIC OFFICER,08061,Obstrucción de la justicia,Obstruction of justice,public_order,"Actos encaminados a obstruir, subvertir, falsear u obstaculizar procedimientos de justicia (08061), que incluye la resistencia o amenaza a funcionarios.",,,,,
376,chicago,LIQUOR LAW VIOLATION,06021,"Producción, manipulación, posesión o uso ilícitos de productos alcohólicos","Unlawful production, handling, possession or use of alcohol products",public_order,"Manipulación, posesión, uso, producción, tráfico o distribución ilícitos de productos alcohólicos (06021).",,,,,
377,chicago,GAMBLING,08043,Actos contrarios a las disposiciones sobre apuestas,Acts against regulations on betting,public_order,Actos contrarios a las disposiciones sobre las apuestas y el juego (08043).,,,,,
378,chicago,ARSON,0504,Daños a la propiedad,Property damage,other,El Incendio premeditado (Arson) se incluye en Daños a la propiedad (0504).,,,,,
379,chicago,HOMICIDE,0101,Homicidio intencional,Intentional homicide,homicide,Muerte ilícita causada a una persona con la intención de causarle la muerte o lesiones graves (0101).,,,,,
380,chicago,CRIMINAL SEXUAL ASSAULT,03012,Agresión sexual,Sexual assault,sexual_offense,Acto sexual no deseado... que no equivalen a violación (03012).,,,,,
381,chicago,KIDNAPPING,020221,Secuestro,Kidnapping,assault,Sustracción y detención ilícitas de una o varias personas... con la finalidad de exigir... un provecho ilícito (020221).,,,,,
382,chicago,STALKING,02082,Acoso,Stalking,assault,"Comunicación no deseada, seguimiento o vigilancia de una persona (02082).",,,,,
383,chicago,INTIMIDATION,0208,Actos dirigidos a inducir miedo o angustia emocional,Acts intended to induce fear or emotional distress,assault,Miedo o angustia emocional causada por el comportamiento o las acciones de una persona (0208).,,,,,
384,chicago,CONCEALED CARRY LICENSE VIOLATION,090111,Posesión o uso ilícitos de armas de fuego,Unlawful possession or use of firearms,public_order,Posesión o porte ilegal de armas de fuego (090111).,,,,,
385,chicago,OBSCENITY,08022,Delitos de pornografía,Pornography offences,sexual_offense,"Producción, creación, distribución, diseminación, transmisión, venta o posesión de pornografía ilícita; material obsceno (08022).",,,,,
386,chicago,PUBLIC INDECENCY,08029,Otros actos contrarios a las normas de conducta sexual orientadas al mantenimiento del orden público,Other acts against public order sexual standards,sexual_offense,Incluye la realización de un acto sexual en público (08029).,,,,,
387,chicago,NON-CRIMINAL,NULL,NULL,NULL,non_criminal,Acto no tipificado como delito (no criminal).,N/A,,,,
388,chicago,OTHER NARCOTIC VIOLATION,06019,Otros actos ilícitos relacionados con drogas o precursores sujetos a fiscalización,Other unlawful acts involving controlled drugs or precursors,drug_offense,Actos ilícitos relacionados con drogas (residual 06019).,,,,,
389,chicago,HUMAN TRAFFICKING,0204,Trata de personas,Trafficking in persons (TIP),assault,"Captación, el transporte, el traslado, la acogida o la recepción de personas, recurriendo a la amenaza o el uso de la fuerza... con fines de explotación (0204).",,,,,
390,chicago,NON - CRIMINAL,NULL,NULL,NULL,non_criminal,Acto no tipificado como delito (no criminal).,N/A,,,,
391,chicago,RITUALISM,1109,Otros actos delictivos no clasificados en otra parte,Other criminal acts not elsewhere classified,other,"Es un contexto/motivo, no un delito base. Si la acción subyacente es ilícita (ej. mutilación), se clasifica en el residual (1109).",,,,,
392,chicago,NON-CRIMINAL (SUBJECT SPECIFIED),NULL,NULL,NULL,non_criminal,Acto no tipificado como delito (no criminal).,N/A,,,,
393,chicago,DOMESTIC VIOLENCE,020619,Otras formas de negligencia en situaciones de personas bajo cuidado,Other negligence in situations of persons under care,assault,Se clasifica como negligencia o violación de las obligaciones relacionadas con la familia (020619).,,,,,
394,london,Violence and sexual offences,0309,Otros actos lesivos de naturaleza sexual,Other injurious acts of a sexual nature,sexual_offense,"Delito compuesto (Regla 2), se utiliza el código residual de la sección 03 (0309).",,,,,
395,london,Other theft,05029,Otros actos de hurto,Other acts of theft,theft_larceny,Hurto de propiedad no clasificado específicamente (05029).,,,,,
396,london,Vehicle crime,05021,Hurto de vehículos de motor o de sus piezas,Theft of a motorized vehicle or parts thereof,vehicle_crime,Hurto de vehículos de motor (05021).,,,,,
397,london,Burglary,0501,Robo con entrada ilícita,Burglary,burglary,Entrada no autorizada con la intención de cometer hurto (0501).,,,,,
398,london,Criminal damage and arson,0504,Daños a la propiedad,Property damage,other,"Destrucción, daños o degradación intencional de bienes, incluyendo el incendio premeditado (0504).",,,,,
399,london,Theft from the person,050221,Hurto de bienes personales a una persona,Theft of personal property from a person,theft_larceny,Hurto de bienes que una persona lleva consigo (050221).,,,,,
400,london,Public order,0801,Actos contrarios a las normas de conducta orientadas al mantenimiento del orden público,Acts against public order behavioural standards,public_order,Actos contrarios a las normas de conducta orientadas al mantenimiento del orden público (0801).,,,,,
401,london,Shoplifting,050231,Hurto en tiendas,Theft from a shop,theft_larceny,Ratería en tiendas (050231).,,,,,
402,london,Drugs,0601,Actos ilícitos relacionados con drogas o precursores sujetos a fiscalización,Unlawful acts involving controlled drugs or precursors,drug_offense,Actos ilícitos relacionados con drogas (0601).,,,,,
403,london,Robbery,0401,Robo,Robbery,robbery,Sustracción u obtención ilícita de bienes mediante el uso de la fuerza o la amenaza de uso de la fuerza contra una persona (0401).,,,,,
404,london,Bicycle theft,050229,Otras formas de hurto de bienes personales,Other theft of personal property,theft_larceny,Hurto de bicicleta (050229).,,,,,
405,london,Other crime,1109,Otros actos delictivos no clasificados en otra parte,Other criminal acts not elsewhere classified,other,Delito residual no clasificado (1109).,,,,,
406,london,Possession of weapons,09011,Posesión o uso de armas y explosivos,Possession or use of weapons and explosives,public_order,Posesión o uso ilícitos de armas de fuego fiscalizadas o prohibidas (09011).,,,,,
